[{"model": "contenttypes.contenttype", "pk": 1, "fields": {"app_label": "admin", "model": "logentry"}}, {"model": "contenttypes.contenttype", "pk": 2, "fields": {"app_label": "auth", "model": "permission"}}, {"model": "contenttypes.contenttype", "pk": 3, "fields": {"app_label": "auth", "model": "group"}}, {"model": "contenttypes.contenttype", "pk": 4, "fields": {"app_label": "auth", "model": "user"}}, {"model": "contenttypes.contenttype", "pk": 5, "fields": {"app_label": "contenttypes", "model": "contenttype"}}, {"model": "contenttypes.contenttype", "pk": 6, "fields": {"app_label": "sessions", "model": "session"}}, {"model": "contenttypes.contenttype", "pk": 7, "fields": {"app_label": "blog", "model": "blogtype"}}, {"model": "contenttypes.contenttype", "pk": 8, "fields": {"app_label": "blog", "model": "blog"}}, {"model": "contenttypes.contenttype", "pk": 9, "fields": {"app_label": "blog", "model": "readnum"}}, {"model": "contenttypes.contenttype", "pk": 10, "fields": {"app_label": "read_statistics", "model": "readnum"}}, {"model": "contenttypes.contenttype", "pk": 11, "fields": {"app_label": "read_statistics", "model": "readdetail"}}, {"model": "contenttypes.contenttype", "pk": 12, "fields": {"app_label": "comment", "model": "comment"}}, {"model": "contenttypes.contenttype", "pk": 13, "fields": {"app_label": "likes", "model": "likecount"}}, {"model": "contenttypes.contenttype", "pk": 14, "fields": {"app_label": "likes", "model": "likerecord"}}, {"model": "contenttypes.contenttype", "pk": 15, "fields": {"app_label": "user", "model": "profile"}}, {"model": "sessions.session", "pk": "1yxmbfojymxplr0akqy57m3lb8ynzrf4", "fields": {"session_data": "N2IzMmViYzE3ZTUyYmYxOGI1MmRlNTQzM2E0NDU5NDc2MmVkNGMyZjp7Il9hdXRoX3VzZXJfaWQiOiIxIiwiX2F1dGhfdXNlcl9iYWNrZW5kIjoiZGphbmdvLmNvbnRyaWIuYXV0aC5iYWNrZW5kcy5Nb2RlbEJhY2tlbmQiLCJfYXV0aF91c2VyX2hhc2giOiIzMWMyOWQyMWE2ZTQwOGMwNDg3NzQ4ZGNjZWIxNWNkMjlmZGI5NjIxIn0=", "expire_date": "2018-03-14T16:48:33.818"}}, {"model": "sessions.session", "pk": "2nsxrgbqo9nx2cpw60u4d1e5eklevsql", "fields": {"session_data": "N2IzMmViYzE3ZTUyYmYxOGI1MmRlNTQzM2E0NDU5NDc2MmVkNGMyZjp7Il9hdXRoX3VzZXJfaWQiOiIxIiwiX2F1dGhfdXNlcl9iYWNrZW5kIjoiZGphbmdvLmNvbnRyaWIuYXV0aC5iYWNrZW5kcy5Nb2RlbEJhY2tlbmQiLCJfYXV0aF91c2VyX2hhc2giOiIzMWMyOWQyMWE2ZTQwOGMwNDg3NzQ4ZGNjZWIxNWNkMjlmZGI5NjIxIn0=", "expire_date": "2018-02-18T17:27:25.844"}}, {"model": "sessions.session", "pk": "2qf7m5i4cnn0ln4czsp3xuo2isaoq87r", "fields": {"session_data": "N2IzMmViYzE3ZTUyYmYxOGI1MmRlNTQzM2E0NDU5NDc2MmVkNGMyZjp7Il9hdXRoX3VzZXJfaWQiOiIxIiwiX2F1dGhfdXNlcl9iYWNrZW5kIjoiZGphbmdvLmNvbnRyaWIuYXV0aC5iYWNrZW5kcy5Nb2RlbEJhY2tlbmQiLCJfYXV0aF91c2VyX2hhc2giOiIzMWMyOWQyMWE2ZTQwOGMwNDg3NzQ4ZGNjZWIxNWNkMjlmZGI5NjIxIn0=", "expire_date": "2018-02-08T16:45:08.096"}}, {"model": "sessions.session", "pk": "50m0ssmlzznw4cfrv0pglpgnnrn2gusu", "fields": {"session_data": "N2IzMmViYzE3ZTUyYmYxOGI1MmRlNTQzM2E0NDU5NDc2MmVkNGMyZjp7Il9hdXRoX3VzZXJfaWQiOiIxIiwiX2F1dGhfdXNlcl9iYWNrZW5kIjoiZGphbmdvLmNvbnRyaWIuYXV0aC5iYWNrZW5kcy5Nb2RlbEJhY2tlbmQiLCJfYXV0aF91c2VyX2hhc2giOiIzMWMyOWQyMWE2ZTQwOGMwNDg3NzQ4ZGNjZWIxNWNkMjlmZGI5NjIxIn0=", "expire_date": "2018-05-30T17:38:21.233"}}, {"model": "sessions.session", "pk": "5ues38v1liobghawyackw3478ipbys74", "fields": {"session_data": "N2IzMmViYzE3ZTUyYmYxOGI1MmRlNTQzM2E0NDU5NDc2MmVkNGMyZjp7Il9hdXRoX3VzZXJfaWQiOiIxIiwiX2F1dGhfdXNlcl9iYWNrZW5kIjoiZGphbmdvLmNvbnRyaWIuYXV0aC5iYWNrZW5kcy5Nb2RlbEJhY2tlbmQiLCJfYXV0aF91c2VyX2hhc2giOiIzMWMyOWQyMWE2ZTQwOGMwNDg3NzQ4ZGNjZWIxNWNkMjlmZGI5NjIxIn0=", "expire_date": "2018-05-16T17:42:54.560"}}, {"model": "sessions.session", "pk": "60tpad54tedxqyhts7eiwrjlzvj19x0b", "fields": {"session_data": "N2IzMmViYzE3ZTUyYmYxOGI1MmRlNTQzM2E0NDU5NDc2MmVkNGMyZjp7Il9hdXRoX3VzZXJfaWQiOiIxIiwiX2F1dGhfdXNlcl9iYWNrZW5kIjoiZGphbmdvLmNvbnRyaWIuYXV0aC5iYWNrZW5kcy5Nb2RlbEJhY2tlbmQiLCJfYXV0aF91c2VyX2hhc2giOiIzMWMyOWQyMWE2ZTQwOGMwNDg3NzQ4ZGNjZWIxNWNkMjlmZGI5NjIxIn0=", "expire_date": "2018-02-20T14:32:46.134"}}, {"model": "sessions.session", "pk": "751hsr4r5zv9gmtb1surmhfk1ss2425w", "fields": {"session_data": "YWE2N2VjMWU1ZGZlYzE2N2VhMjY0Yzc1MTllNjJjODBhNGU0Yjk1Nzp7Il9hdXRoX3VzZXJfaWQiOiIyIiwiX2F1dGhfdXNlcl9iYWNrZW5kIjoiZGphbmdvLmNvbnRyaWIuYXV0aC5iYWNrZW5kcy5Nb2RlbEJhY2tlbmQiLCJfYXV0aF91c2VyX2hhc2giOiIzMWJkNWZmOGM4MTcwZGJhMDg1MjU4MGZlYmUyNDc4NWY5NGRkMDYwIn0=", "expire_date": "2018-04-14T10:43:26.203"}}, {"model": "sessions.session", "pk": "9vm5q2wvdehumcul1y62lf64f06ym3vo", "fields": {"session_data": "N2IzMmViYzE3ZTUyYmYxOGI1MmRlNTQzM2E0NDU5NDc2MmVkNGMyZjp7Il9hdXRoX3VzZXJfaWQiOiIxIiwiX2F1dGhfdXNlcl9iYWNrZW5kIjoiZGphbmdvLmNvbnRyaWIuYXV0aC5iYWNrZW5kcy5Nb2RlbEJhY2tlbmQiLCJfYXV0aF91c2VyX2hhc2giOiIzMWMyOWQyMWE2ZTQwOGMwNDg3NzQ4ZGNjZWIxNWNkMjlmZGI5NjIxIn0=", "expire_date": "2018-01-07T17:54:43.802"}}, {"model": "sessions.session", "pk": "aq3iqgc168w06s9s1ik6m3kdqy0x2ppn", "fields": {"session_data": "N2IzMmViYzE3ZTUyYmYxOGI1MmRlNTQzM2E0NDU5NDc2MmVkNGMyZjp7Il9hdXRoX3VzZXJfaWQiOiIxIiwiX2F1dGhfdXNlcl9iYWNrZW5kIjoiZGphbmdvLmNvbnRyaWIuYXV0aC5iYWNrZW5kcy5Nb2RlbEJhY2tlbmQiLCJfYXV0aF91c2VyX2hhc2giOiIzMWMyOWQyMWE2ZTQwOGMwNDg3NzQ4ZGNjZWIxNWNkMjlmZGI5NjIxIn0=", "expire_date": "2018-05-30T16:40:37.908"}}, {"model": "sessions.session", "pk": "b1qnir8vl580cod6y7i9hbxnpj46ce6i", "fields": {"session_data": "N2IzMmViYzE3ZTUyYmYxOGI1MmRlNTQzM2E0NDU5NDc2MmVkNGMyZjp7Il9hdXRoX3VzZXJfaWQiOiIxIiwiX2F1dGhfdXNlcl9iYWNrZW5kIjoiZGphbmdvLmNvbnRyaWIuYXV0aC5iYWNrZW5kcy5Nb2RlbEJhY2tlbmQiLCJfYXV0aF91c2VyX2hhc2giOiIzMWMyOWQyMWE2ZTQwOGMwNDg3NzQ4ZGNjZWIxNWNkMjlmZGI5NjIxIn0=", "expire_date": "2018-02-21T17:00:03.358"}}, {"model": "sessions.session", "pk": "cdph81y6ruv5qohm4zved37yeqng6v0z", "fields": {"session_data": "N2IzMmViYzE3ZTUyYmYxOGI1MmRlNTQzM2E0NDU5NDc2MmVkNGMyZjp7Il9hdXRoX3VzZXJfaWQiOiIxIiwiX2F1dGhfdXNlcl9iYWNrZW5kIjoiZGphbmdvLmNvbnRyaWIuYXV0aC5iYWNrZW5kcy5Nb2RlbEJhY2tlbmQiLCJfYXV0aF91c2VyX2hhc2giOiIzMWMyOWQyMWE2ZTQwOGMwNDg3NzQ4ZGNjZWIxNWNkMjlmZGI5NjIxIn0=", "expire_date": "2018-04-08T18:33:21.018"}}, {"model": "sessions.session", "pk": "dt02pppm6k4wvp26j03xwltr1ddki4fx", "fields": {"session_data": "N2IzMmViYzE3ZTUyYmYxOGI1MmRlNTQzM2E0NDU5NDc2MmVkNGMyZjp7Il9hdXRoX3VzZXJfaWQiOiIxIiwiX2F1dGhfdXNlcl9iYWNrZW5kIjoiZGphbmdvLmNvbnRyaWIuYXV0aC5iYWNrZW5kcy5Nb2RlbEJhY2tlbmQiLCJfYXV0aF91c2VyX2hhc2giOiIzMWMyOWQyMWE2ZTQwOGMwNDg3NzQ4ZGNjZWIxNWNkMjlmZGI5NjIxIn0=", "expire_date": "2018-04-08T18:29:24.971"}}, {"model": "sessions.session", "pk": "dxxqn20sm5wvnhzg5tre82jt3cyqs2ax", "fields": {"session_data": "NWNlNzI2MjMxNDFlNGY5NDU2YTdlZDMzZmQyZmJmMzMxMTMzNDQ4Yjp7Il9hdXRoX3VzZXJfaWQiOiIzIiwiX2F1dGhfdXNlcl9iYWNrZW5kIjoiZGphbmdvLmNvbnRyaWIuYXV0aC5iYWNrZW5kcy5Nb2RlbEJhY2tlbmQiLCJfYXV0aF91c2VyX2hhc2giOiI0MTU0MmRiZDFiZTY4YzRhMTQ0ZDVhZjI5MzYxMDhjMTIzOGJmOTRiIn0=", "expire_date": "2020-06-17T09:45:34.943"}}, {"model": "sessions.session", "pk": "h276ptux5jgj6nede138nryoszqobd7k", "fields": {"session_data": "N2IzMmViYzE3ZTUyYmYxOGI1MmRlNTQzM2E0NDU5NDc2MmVkNGMyZjp7Il9hdXRoX3VzZXJfaWQiOiIxIiwiX2F1dGhfdXNlcl9iYWNrZW5kIjoiZGphbmdvLmNvbnRyaWIuYXV0aC5iYWNrZW5kcy5Nb2RlbEJhY2tlbmQiLCJfYXV0aF91c2VyX2hhc2giOiIzMWMyOWQyMWE2ZTQwOGMwNDg3NzQ4ZGNjZWIxNWNkMjlmZGI5NjIxIn0=", "expire_date": "2018-05-16T17:37:24.065"}}, {"model": "sessions.session", "pk": "hku3crkncq6axmze83e2gdzj2xlsy8sd", "fields": {"session_data": "N2IzMmViYzE3ZTUyYmYxOGI1MmRlNTQzM2E0NDU5NDc2MmVkNGMyZjp7Il9hdXRoX3VzZXJfaWQiOiIxIiwiX2F1dGhfdXNlcl9iYWNrZW5kIjoiZGphbmdvLmNvbnRyaWIuYXV0aC5iYWNrZW5kcy5Nb2RlbEJhY2tlbmQiLCJfYXV0aF91c2VyX2hhc2giOiIzMWMyOWQyMWE2ZTQwOGMwNDg3NzQ4ZGNjZWIxNWNkMjlmZGI5NjIxIn0=", "expire_date": "2018-05-01T17:56:13.356"}}, {"model": "sessions.session", "pk": "ig4glb9bclhog88twq0ynxawgh4fy3mf", "fields": {"session_data": "N2IzMmViYzE3ZTUyYmYxOGI1MmRlNTQzM2E0NDU5NDc2MmVkNGMyZjp7Il9hdXRoX3VzZXJfaWQiOiIxIiwiX2F1dGhfdXNlcl9iYWNrZW5kIjoiZGphbmdvLmNvbnRyaWIuYXV0aC5iYWNrZW5kcy5Nb2RlbEJhY2tlbmQiLCJfYXV0aF91c2VyX2hhc2giOiIzMWMyOWQyMWE2ZTQwOGMwNDg3NzQ4ZGNjZWIxNWNkMjlmZGI5NjIxIn0=", "expire_date": "2018-02-18T17:30:44.870"}}, {"model": "sessions.session", "pk": "jn6h93agtv1slq3v23v6m1ri7wpolz5r", "fields": {"session_data": "N2IzMmViYzE3ZTUyYmYxOGI1MmRlNTQzM2E0NDU5NDc2MmVkNGMyZjp7Il9hdXRoX3VzZXJfaWQiOiIxIiwiX2F1dGhfdXNlcl9iYWNrZW5kIjoiZGphbmdvLmNvbnRyaWIuYXV0aC5iYWNrZW5kcy5Nb2RlbEJhY2tlbmQiLCJfYXV0aF91c2VyX2hhc2giOiIzMWMyOWQyMWE2ZTQwOGMwNDg3NzQ4ZGNjZWIxNWNkMjlmZGI5NjIxIn0=", "expire_date": "2018-04-03T19:08:15.069"}}, {"model": "sessions.session", "pk": "ksdaeyy8929hgtarw5sp7df4setxrkvx", "fields": {"session_data": "N2IzMmViYzE3ZTUyYmYxOGI1MmRlNTQzM2E0NDU5NDc2MmVkNGMyZjp7Il9hdXRoX3VzZXJfaWQiOiIxIiwiX2F1dGhfdXNlcl9iYWNrZW5kIjoiZGphbmdvLmNvbnRyaWIuYXV0aC5iYWNrZW5kcy5Nb2RlbEJhY2tlbmQiLCJfYXV0aF91c2VyX2hhc2giOiIzMWMyOWQyMWE2ZTQwOGMwNDg3NzQ4ZGNjZWIxNWNkMjlmZGI5NjIxIn0=", "expire_date": "2018-03-09T17:34:33.897"}}, {"model": "sessions.session", "pk": "oewma12s1dcynqzommo9h66vqax7renp", "fields": {"session_data": "N2IzMmViYzE3ZTUyYmYxOGI1MmRlNTQzM2E0NDU5NDc2MmVkNGMyZjp7Il9hdXRoX3VzZXJfaWQiOiIxIiwiX2F1dGhfdXNlcl9iYWNrZW5kIjoiZGphbmdvLmNvbnRyaWIuYXV0aC5iYWNrZW5kcy5Nb2RlbEJhY2tlbmQiLCJfYXV0aF91c2VyX2hhc2giOiIzMWMyOWQyMWE2ZTQwOGMwNDg3NzQ4ZGNjZWIxNWNkMjlmZGI5NjIxIn0=", "expire_date": "2018-05-01T17:11:43.976"}}, {"model": "sessions.session", "pk": "sputf6isbnmcfy3u81588dam4xyfag5j", "fields": {"session_data": "N2IzMmViYzE3ZTUyYmYxOGI1MmRlNTQzM2E0NDU5NDc2MmVkNGMyZjp7Il9hdXRoX3VzZXJfaWQiOiIxIiwiX2F1dGhfdXNlcl9iYWNrZW5kIjoiZGphbmdvLmNvbnRyaWIuYXV0aC5iYWNrZW5kcy5Nb2RlbEJhY2tlbmQiLCJfYXV0aF91c2VyX2hhc2giOiIzMWMyOWQyMWE2ZTQwOGMwNDg3NzQ4ZGNjZWIxNWNkMjlmZGI5NjIxIn0=", "expire_date": "2018-01-11T16:45:20.525"}}, {"model": "sessions.session", "pk": "srcdnn7vfuxt4xkwqxgjjqa1lxjsrxwl", "fields": {"session_data": "N2IzMmViYzE3ZTUyYmYxOGI1MmRlNTQzM2E0NDU5NDc2MmVkNGMyZjp7Il9hdXRoX3VzZXJfaWQiOiIxIiwiX2F1dGhfdXNlcl9iYWNrZW5kIjoiZGphbmdvLmNvbnRyaWIuYXV0aC5iYWNrZW5kcy5Nb2RlbEJhY2tlbmQiLCJfYXV0aF91c2VyX2hhc2giOiIzMWMyOWQyMWE2ZTQwOGMwNDg3NzQ4ZGNjZWIxNWNkMjlmZGI5NjIxIn0=", "expire_date": "2018-05-09T17:46:43.112"}}, {"model": "sessions.session", "pk": "tykskoa9mvk65jo72b0yetrqwm2i25rv", "fields": {"session_data": "N2IzMmViYzE3ZTUyYmYxOGI1MmRlNTQzM2E0NDU5NDc2MmVkNGMyZjp7Il9hdXRoX3VzZXJfaWQiOiIxIiwiX2F1dGhfdXNlcl9iYWNrZW5kIjoiZGphbmdvLmNvbnRyaWIuYXV0aC5iYWNrZW5kcy5Nb2RlbEJhY2tlbmQiLCJfYXV0aF91c2VyX2hhc2giOiIzMWMyOWQyMWE2ZTQwOGMwNDg3NzQ4ZGNjZWIxNWNkMjlmZGI5NjIxIn0=", "expire_date": "2018-03-19T18:33:41.869"}}, {"model": "sessions.session", "pk": "uogzlzd1wx4k2ixd2nnh283phsjsdxtx", "fields": {"session_data": "N2IzMmViYzE3ZTUyYmYxOGI1MmRlNTQzM2E0NDU5NDc2MmVkNGMyZjp7Il9hdXRoX3VzZXJfaWQiOiIxIiwiX2F1dGhfdXNlcl9iYWNrZW5kIjoiZGphbmdvLmNvbnRyaWIuYXV0aC5iYWNrZW5kcy5Nb2RlbEJhY2tlbmQiLCJfYXV0aF91c2VyX2hhc2giOiIzMWMyOWQyMWE2ZTQwOGMwNDg3NzQ4ZGNjZWIxNWNkMjlmZGI5NjIxIn0=", "expire_date": "2018-04-22T17:53:06.955"}}, {"model": "sessions.session", "pk": "v5h02l7n8y230wc23k2zqfia54x189gr", "fields": {"session_data": "N2IzMmViYzE3ZTUyYmYxOGI1MmRlNTQzM2E0NDU5NDc2MmVkNGMyZjp7Il9hdXRoX3VzZXJfaWQiOiIxIiwiX2F1dGhfdXNlcl9iYWNrZW5kIjoiZGphbmdvLmNvbnRyaWIuYXV0aC5iYWNrZW5kcy5Nb2RlbEJhY2tlbmQiLCJfYXV0aF91c2VyX2hhc2giOiIzMWMyOWQyMWE2ZTQwOGMwNDg3NzQ4ZGNjZWIxNWNkMjlmZGI5NjIxIn0=", "expire_date": "2018-02-21T17:26:54.345"}}, {"model": "sessions.session", "pk": "vm6goinxqkdaop78iddn12oihw6zaqwb", "fields": {"session_data": "N2IzMmViYzE3ZTUyYmYxOGI1MmRlNTQzM2E0NDU5NDc2MmVkNGMyZjp7Il9hdXRoX3VzZXJfaWQiOiIxIiwiX2F1dGhfdXNlcl9iYWNrZW5kIjoiZGphbmdvLmNvbnRyaWIuYXV0aC5iYWNrZW5kcy5Nb2RlbEJhY2tlbmQiLCJfYXV0aF91c2VyX2hhc2giOiIzMWMyOWQyMWE2ZTQwOGMwNDg3NzQ4ZGNjZWIxNWNkMjlmZGI5NjIxIn0=", "expire_date": "2018-04-08T19:03:39.175"}}, {"model": "sessions.session", "pk": "vzqzikib2b4v9u2xb1a0z26wpockme03", "fields": {"session_data": "N2IzMmViYzE3ZTUyYmYxOGI1MmRlNTQzM2E0NDU5NDc2MmVkNGMyZjp7Il9hdXRoX3VzZXJfaWQiOiIxIiwiX2F1dGhfdXNlcl9iYWNrZW5kIjoiZGphbmdvLmNvbnRyaWIuYXV0aC5iYWNrZW5kcy5Nb2RlbEJhY2tlbmQiLCJfYXV0aF91c2VyX2hhc2giOiIzMWMyOWQyMWE2ZTQwOGMwNDg3NzQ4ZGNjZWIxNWNkMjlmZGI5NjIxIn0=", "expire_date": "2018-04-26T20:18:23.070"}}, {"model": "sessions.session", "pk": "w2aecfgdj4s9d4ddu95g955u5ap47bk6", "fields": {"session_data": "N2IzMmViYzE3ZTUyYmYxOGI1MmRlNTQzM2E0NDU5NDc2MmVkNGMyZjp7Il9hdXRoX3VzZXJfaWQiOiIxIiwiX2F1dGhfdXNlcl9iYWNrZW5kIjoiZGphbmdvLmNvbnRyaWIuYXV0aC5iYWNrZW5kcy5Nb2RlbEJhY2tlbmQiLCJfYXV0aF91c2VyX2hhc2giOiIzMWMyOWQyMWE2ZTQwOGMwNDg3NzQ4ZGNjZWIxNWNkMjlmZGI5NjIxIn0=", "expire_date": "2018-04-08T18:39:46.772"}}, {"model": "blog.blogtype", "pk": 1, "fields": {"type_name": "Django"}}, {"model": "blog.blogtype", "pk": 2, "fields": {"type_name": "\u968f\u7b14"}}, {"model": "blog.blogtype", "pk": 4, "fields": {"type_name": "\u5b66\u4e60\u7b14\u8bb0"}}, {"model": "blog.blogtype", "pk": 5, "fields": {"type_name": "BUG\u8bb0\u5f55"}}, {"model": "read_statistics.readnum", "pk": 1, "fields": {"read_num": 24, "content_type": 8, "object_id": 36}}, {"model": "read_statistics.readnum", "pk": 2, "fields": {"read_num": 2, "content_type": 8, "object_id": 34}}, {"model": "read_statistics.readnum", "pk": 3, "fields": {"read_num": 1, "content_type": 8, "object_id": 20}}, {"model": "read_statistics.readnum", "pk": 4, "fields": {"read_num": 7, "content_type": 8, "object_id": 35}}, {"model": "read_statistics.readnum", "pk": 5, "fields": {"read_num": 1, "content_type": 8, "object_id": 33}}, {"model": "read_statistics.readnum", "pk": 6, "fields": {"read_num": 1, "content_type": 8, "object_id": 32}}, {"model": "read_statistics.readnum", "pk": 7, "fields": {"read_num": 1, "content_type": 8, "object_id": 31}}, {"model": "read_statistics.readnum", "pk": 8, "fields": {"read_num": 1, "content_type": 8, "object_id": 39}}, {"model": "read_statistics.readnum", "pk": 9, "fields": {"read_num": 1, "content_type": 8, "object_id": 38}}, {"model": "read_statistics.readnum", "pk": 10, "fields": {"read_num": 3, "content_type": 8, "object_id": 37}}, {"model": "read_statistics.readnum", "pk": 11, "fields": {"read_num": 1, "content_type": 8, "object_id": 40}}, {"model": "read_statistics.readnum", "pk": 12, "fields": {"read_num": 1, "content_type": 8, "object_id": 41}}, {"model": "read_statistics.readnum", "pk": 13, "fields": {"read_num": 1, "content_type": 8, "object_id": 42}}, {"model": "read_statistics.readnum", "pk": 14, "fields": {"read_num": 1, "content_type": 8, "object_id": 43}}, {"model": "read_statistics.readnum", "pk": 15, "fields": {"read_num": 1, "content_type": 8, "object_id": 44}}, {"model": "read_statistics.readnum", "pk": 16, "fields": {"read_num": 1, "content_type": 8, "object_id": 45}}, {"model": "read_statistics.readnum", "pk": 17, "fields": {"read_num": 1, "content_type": 8, "object_id": 46}}, {"model": "read_statistics.readnum", "pk": 18, "fields": {"read_num": 1, "content_type": 8, "object_id": 47}}, {"model": "read_statistics.readnum", "pk": 19, "fields": {"read_num": 1, "content_type": 8, "object_id": 48}}, {"model": "read_statistics.readnum", "pk": 20, "fields": {"read_num": 1, "content_type": 8, "object_id": 49}}, {"model": "read_statistics.readnum", "pk": 21, "fields": {"read_num": 1, "content_type": 8, "object_id": 50}}, {"model": "read_statistics.readnum", "pk": 22, "fields": {"read_num": 1, "content_type": 8, "object_id": 51}}, {"model": "read_statistics.readnum", "pk": 23, "fields": {"read_num": 1, "content_type": 8, "object_id": 53}}, {"model": "read_statistics.readdetail", "pk": 21, "fields": {"date": "2020-06-03", "read_num": 1, "content_type": 8, "object_id": 40}}, {"model": "read_statistics.readdetail", "pk": 25, "fields": {"date": "2020-06-03", "read_num": 1, "content_type": 8, "object_id": 44}}, {"model": "read_statistics.readdetail", "pk": 28, "fields": {"date": "2020-06-03", "read_num": 1, "content_type": 8, "object_id": 47}}, {"model": "read_statistics.readdetail", "pk": 30, "fields": {"date": "2020-06-03", "read_num": 1, "content_type": 8, "object_id": 49}}, {"model": "read_statistics.readdetail", "pk": 31, "fields": {"date": "2020-06-03", "read_num": 1, "content_type": 8, "object_id": 50}}, {"model": "read_statistics.readdetail", "pk": 32, "fields": {"date": "2020-06-03", "read_num": 1, "content_type": 8, "object_id": 51}}, {"model": "read_statistics.readdetail", "pk": 33, "fields": {"date": "2020-06-03", "read_num": 1, "content_type": 8, "object_id": 53}}, {"model": "likes.likecount", "pk": 1, "fields": {"content_type": 8, "object_id": 36, "liked_num": 1}}, {"model": "likes.likecount", "pk": 2, "fields": {"content_type": 8, "object_id": 35, "liked_num": 0}}, {"model": "likes.likecount", "pk": 3, "fields": {"content_type": 8, "object_id": 34, "liked_num": 0}}, {"model": "likes.likecount", "pk": 4, "fields": {"content_type": 8, "object_id": 33, "liked_num": 0}}, {"model": "likes.likecount", "pk": 5, "fields": {"content_type": 8, "object_id": 32, "liked_num": 0}}, {"model": "likes.likecount", "pk": 6, "fields": {"content_type": 8, "object_id": 31, "liked_num": 0}}, {"model": "likes.likecount", "pk": 7, "fields": {"content_type": 8, "object_id": 30, "liked_num": 0}}, {"model": "likes.likecount", "pk": 8, "fields": {"content_type": 12, "object_id": 13, "liked_num": 1}}, {"model": "likes.likecount", "pk": 9, "fields": {"content_type": 12, "object_id": 15, "liked_num": 1}}, {"model": "likes.likecount", "pk": 10, "fields": {"content_type": 12, "object_id": 16, "liked_num": 1}}, {"model": "likes.likecount", "pk": 11, "fields": {"content_type": 12, "object_id": 10, "liked_num": 0}}, {"model": "likes.likecount", "pk": 12, "fields": {"content_type": 12, "object_id": 12, "liked_num": 0}}, {"model": "likes.likecount", "pk": 13, "fields": {"content_type": 12, "object_id": 14, "liked_num": 0}}, {"model": "likes.likecount", "pk": 14, "fields": {"content_type": 12, "object_id": 9, "liked_num": 0}}, {"model": "likes.likecount", "pk": 15, "fields": {"content_type": 12, "object_id": 8, "liked_num": 0}}, {"model": "likes.likecount", "pk": 16, "fields": {"content_type": 12, "object_id": 7, "liked_num": 0}}, {"model": "likes.likecount", "pk": 17, "fields": {"content_type": 12, "object_id": 6, "liked_num": 0}}, {"model": "likes.likecount", "pk": 18, "fields": {"content_type": 12, "object_id": 5, "liked_num": 0}}, {"model": "likes.likecount", "pk": 19, "fields": {"content_type": 12, "object_id": 4, "liked_num": 0}}, {"model": "likes.likecount", "pk": 20, "fields": {"content_type": 12, "object_id": 3, "liked_num": 0}}, {"model": "likes.likecount", "pk": 21, "fields": {"content_type": 12, "object_id": 20, "liked_num": 0}}, {"model": "likes.likecount", "pk": 22, "fields": {"content_type": 12, "object_id": 21, "liked_num": 0}}, {"model": "likes.likecount", "pk": 23, "fields": {"content_type": 12, "object_id": 22, "liked_num": 0}}, {"model": "likes.likecount", "pk": 24, "fields": {"content_type": 12, "object_id": 18, "liked_num": 0}}, {"model": "likes.likecount", "pk": 25, "fields": {"content_type": 12, "object_id": 19, "liked_num": 0}}, {"model": "likes.likecount", "pk": 26, "fields": {"content_type": 12, "object_id": 17, "liked_num": 0}}, {"model": "likes.likecount", "pk": 27, "fields": {"content_type": 12, "object_id": 23, "liked_num": 0}}, {"model": "likes.likecount", "pk": 28, "fields": {"content_type": 12, "object_id": 24, "liked_num": 0}}, {"model": "likes.likecount", "pk": 29, "fields": {"content_type": 12, "object_id": 25, "liked_num": 0}}, {"model": "likes.likecount", "pk": 30, "fields": {"content_type": 8, "object_id": 37, "liked_num": 1}}, {"model": "likes.likecount", "pk": 31, "fields": {"content_type": 8, "object_id": 39, "liked_num": 1}}, {"model": "likes.likecount", "pk": 32, "fields": {"content_type": 8, "object_id": 38, "liked_num": 0}}, {"model": "likes.likecount", "pk": 33, "fields": {"content_type": 12, "object_id": 26, "liked_num": 1}}, {"model": "likes.likecount", "pk": 34, "fields": {"content_type": 12, "object_id": 27, "liked_num": 0}}, {"model": "likes.likecount", "pk": 35, "fields": {"content_type": 12, "object_id": 31, "liked_num": 0}}, {"model": "likes.likecount", "pk": 36, "fields": {"content_type": 12, "object_id": 30, "liked_num": 0}}, {"model": "likes.likecount", "pk": 37, "fields": {"content_type": 12, "object_id": 29, "liked_num": 0}}, {"model": "likes.likecount", "pk": 38, "fields": {"content_type": 12, "object_id": 28, "liked_num": 0}}, {"model": "likes.likecount", "pk": 39, "fields": {"content_type": 12, "object_id": 36, "liked_num": 0}}, {"model": "likes.likecount", "pk": 40, "fields": {"content_type": 12, "object_id": 35, "liked_num": 0}}, {"model": "likes.likecount", "pk": 41, "fields": {"content_type": 12, "object_id": 34, "liked_num": 0}}, {"model": "likes.likecount", "pk": 42, "fields": {"content_type": 12, "object_id": 33, "liked_num": 0}}, {"model": "likes.likecount", "pk": 43, "fields": {"content_type": 12, "object_id": 32, "liked_num": 0}}, {"model": "likes.likecount", "pk": 44, "fields": {"content_type": 8, "object_id": 40, "liked_num": 1}}, {"model": "likes.likecount", "pk": 45, "fields": {"content_type": 12, "object_id": 41, "liked_num": 0}}, {"model": "likes.likecount", "pk": 46, "fields": {"content_type": 12, "object_id": 40, "liked_num": 0}}, {"model": "likes.likecount", "pk": 47, "fields": {"content_type": 12, "object_id": 39, "liked_num": 0}}, {"model": "likes.likecount", "pk": 48, "fields": {"content_type": 8, "object_id": 41, "liked_num": 0}}, {"model": "likes.likecount", "pk": 49, "fields": {"content_type": 8, "object_id": 42, "liked_num": 0}}, {"model": "likes.likecount", "pk": 50, "fields": {"content_type": 8, "object_id": 43, "liked_num": 0}}, {"model": "likes.likecount", "pk": 51, "fields": {"content_type": 8, "object_id": 44, "liked_num": 0}}, {"model": "likes.likecount", "pk": 52, "fields": {"content_type": 8, "object_id": 45, "liked_num": 0}}, {"model": "likes.likecount", "pk": 53, "fields": {"content_type": 8, "object_id": 46, "liked_num": 0}}, {"model": "likes.likecount", "pk": 54, "fields": {"content_type": 8, "object_id": 47, "liked_num": 0}}, {"model": "likes.likecount", "pk": 55, "fields": {"content_type": 8, "object_id": 48, "liked_num": 0}}, {"model": "likes.likecount", "pk": 56, "fields": {"content_type": 8, "object_id": 49, "liked_num": 0}}, {"model": "likes.likecount", "pk": 57, "fields": {"content_type": 8, "object_id": 50, "liked_num": 0}}, {"model": "likes.likecount", "pk": 58, "fields": {"content_type": 8, "object_id": 51, "liked_num": 0}}, {"model": "likes.likecount", "pk": 59, "fields": {"content_type": 12, "object_id": 38, "liked_num": 0}}, {"model": "likes.likecount", "pk": 60, "fields": {"content_type": 12, "object_id": 37, "liked_num": 0}}, {"model": "likes.likecount", "pk": 61, "fields": {"content_type": 8, "object_id": 52, "liked_num": 0}}, {"model": "likes.likecount", "pk": 62, "fields": {"content_type": 8, "object_id": 53, "liked_num": 0}}, {"model": "auth.permission", "pk": 1, "fields": {"name": "Can add log entry", "content_type": 1, "codename": "add_logentry"}}, {"model": "auth.permission", "pk": 2, "fields": {"name": "Can change log entry", "content_type": 1, "codename": "change_logentry"}}, {"model": "auth.permission", "pk": 3, "fields": {"name": "Can delete log entry", "content_type": 1, "codename": "delete_logentry"}}, {"model": "auth.permission", "pk": 4, "fields": {"name": "Can add permission", "content_type": 2, "codename": "add_permission"}}, {"model": "auth.permission", "pk": 5, "fields": {"name": "Can change permission", "content_type": 2, "codename": "change_permission"}}, {"model": "auth.permission", "pk": 6, "fields": {"name": "Can delete permission", "content_type": 2, "codename": "delete_permission"}}, {"model": "auth.permission", "pk": 7, "fields": {"name": "Can add group", "content_type": 3, "codename": "add_group"}}, {"model": "auth.permission", "pk": 8, "fields": {"name": "Can change group", "content_type": 3, "codename": "change_group"}}, {"model": "auth.permission", "pk": 9, "fields": {"name": "Can delete group", "content_type": 3, "codename": "delete_group"}}, {"model": "auth.permission", "pk": 10, "fields": {"name": "Can add user", "content_type": 4, "codename": "add_user"}}, {"model": "auth.permission", "pk": 11, "fields": {"name": "Can change user", "content_type": 4, "codename": "change_user"}}, {"model": "auth.permission", "pk": 12, "fields": {"name": "Can delete user", "content_type": 4, "codename": "delete_user"}}, {"model": "auth.permission", "pk": 13, "fields": {"name": "Can add content type", "content_type": 5, "codename": "add_contenttype"}}, {"model": "auth.permission", "pk": 14, "fields": {"name": "Can change content type", "content_type": 5, "codename": "change_contenttype"}}, {"model": "auth.permission", "pk": 15, "fields": {"name": "Can delete content type", "content_type": 5, "codename": "delete_contenttype"}}, {"model": "auth.permission", "pk": 16, "fields": {"name": "Can add session", "content_type": 6, "codename": "add_session"}}, {"model": "auth.permission", "pk": 17, "fields": {"name": "Can change session", "content_type": 6, "codename": "change_session"}}, {"model": "auth.permission", "pk": 18, "fields": {"name": "Can delete session", "content_type": 6, "codename": "delete_session"}}, {"model": "auth.permission", "pk": 19, "fields": {"name": "Can add blog type", "content_type": 7, "codename": "add_blogtype"}}, {"model": "auth.permission", "pk": 20, "fields": {"name": "Can change blog type", "content_type": 7, "codename": "change_blogtype"}}, {"model": "auth.permission", "pk": 21, "fields": {"name": "Can delete blog type", "content_type": 7, "codename": "delete_blogtype"}}, {"model": "auth.permission", "pk": 22, "fields": {"name": "Can add blog", "content_type": 8, "codename": "add_blog"}}, {"model": "auth.permission", "pk": 23, "fields": {"name": "Can change blog", "content_type": 8, "codename": "change_blog"}}, {"model": "auth.permission", "pk": 24, "fields": {"name": "Can delete blog", "content_type": 8, "codename": "delete_blog"}}, {"model": "auth.permission", "pk": 25, "fields": {"name": "Can add read num", "content_type": 9, "codename": "add_readnum"}}, {"model": "auth.permission", "pk": 26, "fields": {"name": "Can change read num", "content_type": 9, "codename": "change_readnum"}}, {"model": "auth.permission", "pk": 27, "fields": {"name": "Can delete read num", "content_type": 9, "codename": "delete_readnum"}}, {"model": "auth.permission", "pk": 28, "fields": {"name": "Can add read num", "content_type": 10, "codename": "add_readnum"}}, {"model": "auth.permission", "pk": 29, "fields": {"name": "Can change read num", "content_type": 10, "codename": "change_readnum"}}, {"model": "auth.permission", "pk": 30, "fields": {"name": "Can delete read num", "content_type": 10, "codename": "delete_readnum"}}, {"model": "auth.permission", "pk": 31, "fields": {"name": "Can add read detail", "content_type": 11, "codename": "add_readdetail"}}, {"model": "auth.permission", "pk": 32, "fields": {"name": "Can change read detail", "content_type": 11, "codename": "change_readdetail"}}, {"model": "auth.permission", "pk": 33, "fields": {"name": "Can delete read detail", "content_type": 11, "codename": "delete_readdetail"}}, {"model": "auth.permission", "pk": 34, "fields": {"name": "Can add comment", "content_type": 12, "codename": "add_comment"}}, {"model": "auth.permission", "pk": 35, "fields": {"name": "Can change comment", "content_type": 12, "codename": "change_comment"}}, {"model": "auth.permission", "pk": 36, "fields": {"name": "Can delete comment", "content_type": 12, "codename": "delete_comment"}}, {"model": "auth.permission", "pk": 37, "fields": {"name": "Can add like count", "content_type": 13, "codename": "add_likecount"}}, {"model": "auth.permission", "pk": 38, "fields": {"name": "Can change like count", "content_type": 13, "codename": "change_likecount"}}, {"model": "auth.permission", "pk": 39, "fields": {"name": "Can delete like count", "content_type": 13, "codename": "delete_likecount"}}, {"model": "auth.permission", "pk": 40, "fields": {"name": "Can add like record", "content_type": 14, "codename": "add_likerecord"}}, {"model": "auth.permission", "pk": 41, "fields": {"name": "Can change like record", "content_type": 14, "codename": "change_likerecord"}}, {"model": "auth.permission", "pk": 42, "fields": {"name": "Can delete like record", "content_type": 14, "codename": "delete_likerecord"}}, {"model": "auth.permission", "pk": 43, "fields": {"name": "Can add profile", "content_type": 15, "codename": "add_profile"}}, {"model": "auth.permission", "pk": 44, "fields": {"name": "Can change profile", "content_type": 15, "codename": "change_profile"}}, {"model": "auth.permission", "pk": 45, "fields": {"name": "Can delete profile", "content_type": 15, "codename": "delete_profile"}}, {"model": "auth.permission", "pk": 46, "fields": {"name": "Can view log entry", "content_type": 1, "codename": "view_logentry"}}, {"model": "auth.permission", "pk": 47, "fields": {"name": "Can view permission", "content_type": 2, "codename": "view_permission"}}, {"model": "auth.permission", "pk": 48, "fields": {"name": "Can view group", "content_type": 3, "codename": "view_group"}}, {"model": "auth.permission", "pk": 49, "fields": {"name": "Can view user", "content_type": 4, "codename": "view_user"}}, {"model": "auth.permission", "pk": 50, "fields": {"name": "Can view content type", "content_type": 5, "codename": "view_contenttype"}}, {"model": "auth.permission", "pk": 51, "fields": {"name": "Can view session", "content_type": 6, "codename": "view_session"}}, {"model": "auth.permission", "pk": 52, "fields": {"name": "Can view blog", "content_type": 8, "codename": "view_blog"}}, {"model": "auth.permission", "pk": 53, "fields": {"name": "Can view blog type", "content_type": 7, "codename": "view_blogtype"}}, {"model": "auth.permission", "pk": 54, "fields": {"name": "Can view read num", "content_type": 10, "codename": "view_readnum"}}, {"model": "auth.permission", "pk": 55, "fields": {"name": "Can view read detail", "content_type": 11, "codename": "view_readdetail"}}, {"model": "auth.permission", "pk": 56, "fields": {"name": "Can view comment", "content_type": 12, "codename": "view_comment"}}, {"model": "auth.permission", "pk": 57, "fields": {"name": "Can view like count", "content_type": 13, "codename": "view_likecount"}}, {"model": "auth.permission", "pk": 58, "fields": {"name": "Can view like record", "content_type": 14, "codename": "view_likerecord"}}, {"model": "auth.permission", "pk": 59, "fields": {"name": "Can view profile", "content_type": 15, "codename": "view_profile"}}, {"model": "auth.user", "pk": 3, "fields": {"password": "pbkdf2_sha256$180000$vDxgF8x6gNHs$m2/CGFtlcwrpjltBQoALsf/4vhdeMa10uJgacU1VXuo=", "last_login": "2020-06-03T09:45:34.735", "is_superuser": true, "username": "\u5929\u5065\u5bfa", "first_name": "", "last_name": "", "email": "zhaokai56789@163.com", "is_staff": true, "is_active": true, "date_joined": "2020-06-02T08:44:26.627", "groups": [], "user_permissions": []}}, {"model": "auth.user", "pk": 4, "fields": {"password": "pbkdf2_sha256$180000$UyzslobNjcey$m3qc26MfZ1u5Q7qA9HuORz+cuGCZWOE9SKw1rqGvMvk=", "last_login": "2020-06-03T08:13:47.895", "is_superuser": false, "username": "yyyy", "first_name": "", "last_name": "", "email": "dasdas@163.com", "is_staff": false, "is_active": true, "date_joined": "2020-06-02T11:40:05.241", "groups": [], "user_permissions": []}}, {"model": "blog.blog", "pk": 40, "fields": {"title": "ContentType matching query does not exist", "blog_type": 5, "content": "<p><code><ins><big><span class=\"marker\">\u4ee3\u7801</span></big></ins><br />\r\ncontent_type = request.POST.get(&#39;content_type&#39;, &#39;&#39;)<br />\r\nobject_id = int(request.POST.get(&#39;object_id&#39;, &#39;&#39;))<br />\r\nContentType.objects.get(model=content_type)</code></p>\r\n\r\n<h3>\u9519\u8bef\u63d0\u793a<br />\r\nContentType matching query does not exist.</h3>\r\n\r\n<h4>\u539f\u56e0<br />\r\n&nbsp;HTML\u754c\u9762\u4e2d```&lt;input type=&quot;hidden&quot; name=&quot;content_type&quot; value=&quot;blog&quot;&gt;```\uff0cname\u51fa\u9519\uff0c\u5199\u6210\u4e86```content-type```\uff0c<br />\r\n&nbsp;\u5bfc\u81f4request.POST.get(&#39;content_type&#39;, &#39;&#39;)\u5f97\u4e0d\u5230content_type\u7684\u5b57\u7b26\u4e32\uff0c\u53ea\u80fd\u5f97\u5230None\uff0c<br />\r\n&nbsp;ContentType\u7684\u53c2\u6570\u8f93\u5165\u4e3aNone\uff0c\u5c31\u67e5\u4e0d\u5230\u8bb0\u5f55\uff0c\u8fd4\u56de\u9519\u8bef\u63d0\u793a</h4>", "author": 3, "created_time": "2020-06-03T09:51:34.734", "last_updated_time": "2020-06-03T09:51:34.734"}}, {"model": "blog.blog", "pk": 44, "fields": {"title": "\u535a\u5ba2\u7f51\u7ad9\u4e4b\u2014\u2014Django Form\u8868\u5355", "blog_type": 1, "content": "## \u4e3a\u4e86\u767b\u5f55\u529f\u80fd\u7684\u6e05\u6670\uff0c\u5c06Form\u8868\u5355\u529f\u80fd\u4ee3\u7801\u5206\u4e3a\u4e24\u90e8\u5206\r\n\r\n### LoginForm\uff1a\u5bf9\u767b\u5f55\u4fe1\u606f\u8fdb\u884c\u5904\u7406\r\n\r\n```python\r\nclass LoginForm(forms.Form):\r\n    username = forms.CharField(label='\u7528\u6237\u540d', required=True)\r\n    password = forms.CharField(label='\u5bc6\u7801', widget=forms.PasswordInput)\r\n\r\n    def clean(self):\r\n        username = self.cleaned_data['username']\r\n        password = self.cleaned_data['password']\r\n        user = auth.authenticate(username=username, password=password)\r\n        if user is None:\r\n            raise forms.ValidationError('\u7528\u6237\u540d\u6216\u5bc6\u7801\u4e0d\u6b63\u786e')\r\n        else:\r\n            self.cleaned_data['user'] = user\r\n        return self.cleaned_data\r\n\r\n```\r\n\r\n* \u5728\u8fd9\u90e8\u5206\u4e2d\u5148\u5bf9\u8f93\u5165\u7684Form\u8868\u5355\u6e05\u6d17\u5f97\u5230\u7528\u6237\u540d\u548c\u5bc6\u7801\r\n\r\n```\r\nusername = self.cleaned_data['username']\r\npassword = self.cleaned_data['password']\r\n```\r\n\r\n* \u7528auth.authenticate\u8fdb\u884c\u5224\u65ad\u662f\u5426\u6b63\u786e\uff0c\u6b63\u786e\u8fd4\u56deuser\uff0c\u9519\u8bef\u8fd4\u56deNone\r\n* \u5c06user\u50a8\u5b58\u5230\u5b57\u5178cleaned_data['user']\u4e2d\r\n\r\n### login\uff1a\u5bf9request\u548cLoginForm\u4f20\u9012\u7684\u4fe1\u606f\u5206\u7c7b\uff0c\u8fd4\u56de\u76f8\u5e94\u7684\u9875\u9762\r\n\r\n```\r\ndef login(request):\r\n    if request.method == 'POST':\r\n        login_form = LoginForm(request.POST)\r\n        if login_form.is_valid():\r\n            user = login_form.cleaned_data['user']\r\n            auth.login(request, user)\r\n            return redirect(request.GET.get('from', reverse('home')))\r\n    else:\r\n        login_form = LoginForm()\r\n\r\n    context ={}\r\n    context['login_form'] = login_form\r\n    return render(request, 'login.html', context)\r\n```\r\n\r\n* \u4ece\u4e0b\u9762\u7684HTML\u9875\u9762\u4e2d\u53d1\u51fa\u7684\u767b\u5f55\u8bf7\u6c42\u662fGET\u65b9\u5f0f\uff0c\u6b64\u65f6\u8fd4\u56de\u767b\u5f55\u9875\u9762login.html\r\n\r\n```\r\n\u60a8\u5c1a\u672a\u767b\u5f55\uff0c\u767b\u5f55\u4ee5\u540e\u624d\u53ef\u4ee5\u8bc4\u8bba\r\n<a href=\"{% url 'login' %}?from={{ request.get_full_path }}\">\u767b\u5f55</a>\r\n```\r\n\r\n* \u5f53\u8fdb\u5165\u5230login.html\u9875\u9762\u4e2d\uff0c\u63a5\u6536\u5230POST\u8bf7\u6c42\uff0c\u7528LoginForm\u8fdb\u884c\u5904\u7406\uff0c\u5982\u679c\u767b\u5f55\u4fe1\u606f\u9519\u8bef\u5c31\u62a5\u9519\uff0c\u5426\u5219\u5c31\u4f7f\u7528user\u767b\u5f55\uff0c\u7136\u540e\u8df3\u8f6c\u56de\u767b\u5f55\u524d\u7684\u9875\u9762\u3002\r\n\r\n```\r\nuser = login_form.cleaned_data['user']\r\nauth.login(request, user)\r\nreturn redirect(request.GET.get('from', reverse('home')))\r\n```", "author": 3, "created_time": "2020-06-03T12:10:20.057", "last_updated_time": "2020-06-03T12:10:20.057"}}, {"model": "blog.blog", "pk": 47, "fields": {"title": "\u5728django\u4e2d\u914d\u7f6eMarkdown", "blog_type": 1, "content": "# \u5728django\u4e2d\u914d\u7f6eMarkdown\r\n\r\n## \u540e\u7aef\u914d\u7f6e\r\n\r\n### 1. \u5b89\u88c5django-mdeditor\r\n\r\n```\r\n\tpip install django-mdeditor\r\n```\r\n\r\n### 2. \u5728setting\u6587\u4ef6\u6ce8\u518c\r\n\r\n```\r\n\tINSTALLED_APPS = [\r\n\t    'mdeditor'\r\n\t]\r\n```\r\n\r\n### 3. \u6dfb\u52a0markdown\u4e0a\u4f20\u7684\u56fe\u7247\u4fdd\u5b58\u8def\u5f84\r\n\r\n```\r\n\t# \u5728\u9879\u76ee\u76ee\u5f55\u4e0b\u65b0\u5efa\u4e00\u4e2auploads\u6587\u4ef6\u5939\r\n\tMEDIA_URL = '/media/' \r\n\tMEDIA_ROOT = os.path.join(BASE_DIR, 'uploads')  \r\n```\r\n\r\n### 4. \u6dfb\u52a0markdown\u5230\u9879\u76ee\u7684urls\u6587\u4ef6,\u5e76\u4e14\u6dfb\u52a0\u56fe\u7247\u8def\u5f84\r\n\r\n```\r\n\tfrom django.conf import settings\r\n\tfrom django.conf.urls.static import static\r\n\r\n\turlpatterns = [\r\n\t    url(r'mdeditor/', include('mdeditor.urls')),\r\n\t]\r\n\r\n\t#\u6ca1\u6709\u8fd9\u4e2a\u8bbe\u7f6e\uff0c\u4e0a\u4f20\u7684\u56fe\u7247\u4e0d\u4f1a\u663e\u793a\u51fa\u6765\r\n\tif settings.DEBUG:\r\n\t    urlpatterns += static(settings.MEDIA_URL, document_root=settings.MEDIA_ROOT)\r\n```\r\n\r\n## \u524d\u7aef\u9875\u9762\r\n\r\n### 1. \u4e0b\u8f7d\u5b89\u88c5\u4e24\u4e2a\u5e93\r\n\r\n```\r\n\t# \u5c06view\u89c6\u56fe\u4e2d\u83b7\u53d6\u5230\u6570\u636e\u5e93\u7684\u6570\u636e\uff0c\u4fee\u9970\u4e3ahtml\u8bed\u53e5\uff0c\u4f20\u5230\u524d\u7aef\r\n\tpip install markdown\r\n\t#\u5b9e\u73b0\u4ee3\u7801\u9ad8\u4eae\r\n\tpip install Pygments \r\n```\r\n\r\n### 2. \u5b89\u88c5\u597d\u540e\u6267\u884c\r\n\r\n```\r\n\tpygmentize -S default -f html -a .codehilite > code.css\r\n\t\r\n\t\u6211\u7684\u662f\u5728\u7cfb\u7edf\u76d8\u81ea\u5df1\u7684\u8d26\u6237\u6587\u4ef6\u5939\u751f\u6210\u7684code.css\u6587\u4ef6\uff0c\u4f8b\u5982C:\\Users\\96108\r\n    \u5c06\u8fd9\u4e2acss\u6587\u4ef6\u52a0\u5165\u5230\u4f60\u7684static\u6587\u4ef6\u5939\u4e0b(\u53ea\u8981\u80fd\u6b63\u786e\u5f15\u5165\u65f6\u5c31\u53ef\u4ee5)\r\n```\r\n\r\n### 3. \u5728\u9700\u8981\u9ad8\u4eae\u7684html\u6587\u4ef6\u91cc\u9762\u5bfc\u5165\u521a\u521a\u751f\u6210\u7684css\u6587\u4ef6\r\n\r\n```\r\n\t# \u4ee3\u7801\u9ad8\u4eae\r\n\t<link rel=\"stylesheet\" type=\"text/css\" href=\"{% static 'code.css' %}\"> \r\n```\r\n\r\n### 4. \u5728blog.views.py\u4e2d\u914d\u7f6e\r\n\r\n```\r\n\tdef blog_detail(request, blog_pk):\r\n\t\tblog = get_object_or_404(Blog, pk=blog_pk)\r\n\t\r\n\t    blog.content = markdown.markdown(blog.content, extensions=[\r\n\t        'markdown.extensions.extra',\r\n\t        'markdown.extensions.codehilite',  # \u8bed\u6cd5\u9ad8\u4eae\u62d3\u5c55\r\n\t        'markdown.extensions.toc'  # \u81ea\u52a8\u751f\u6210\u76ee\u5f55\r\n\t    ])  # \u4fee\u6539blog.content\u5185\u5bb9\u4e3ahtml\r\n```\r\n\r\n### 5. \u524d\u7aef\u9875\u9762\u4f7f\u7528safe\u8fc7\u6ee4\u5668\r\n\r\n```\r\n\t<div class=\"blog-content\">{{ blog.content|safe }}</div>\r\n```\r\n\r\n## \u603b\u7ed3\uff0c\u914d\u7f6e\u5b8c\u6210\u4f7f\u7528\u4f1a\u51fa\u73b0\u8fd9\u79cd\u95ee\u9898\r\n1. \u56fe\u7247\u8fd8\u662f\u4e0d\u80fd\u4e0a\u4f20\r\n2. \u4f1a\u51fa\u73b0\u7ea2\u8272\u6846\u6846\r\n\r\n[![](F:\\\u62d3\u5c55\u7528\u6237\u6a21\u578b\u7684\u65b9\u6cd5\\uploads\\editor\\2020-06-03_133244_20200603134734284376.png)](http://localhost:8000/F:\\\u62d3\u5c55\u7528\u6237\u6a21\u578b\u7684\u65b9\u6cd5\\uploads\\editor\\2020-06-03_133244_20200603134734284376.png)", "author": 3, "created_time": "2020-06-03T14:09:52.214", "last_updated_time": "2020-06-03T14:09:52.214"}}, {"model": "blog.blog", "pk": 49, "fields": {"title": "\u56fe\u7247\u4e0a\u4f20\u6d4b\u8bd51", "blog_type": 2, "content": "### \u6d4b\u8bd5\u53d1\u73b0\u53ef\u4ee5\u4e0a\u4f20\u7f51\u7edc\u56fe\u7247\r\n![](https://dss3.bdstatic.com/70cFv8Sh_Q1YnxGkpoWK1HF6hhy/it/u=2221821637,805504292&fm=26&gp=0.jpg)", "author": 3, "created_time": "2020-06-03T14:31:20.903", "last_updated_time": "2020-06-03T14:31:20.903"}}, {"model": "blog.blog", "pk": 50, "fields": {"title": "\u56fe\u7247\u4e0a\u4f20\u6d4b\u8bd52", "blog_type": 1, "content": "### \u8fd9\u4e2a\u662f\u672c\u5730\u56fe\u7247\u94fe\u63a5\uff0c\u5e94\u8be5\u4e0d\u80fd\u4e0a\u4f20![](http://localhost:8000/G:\\FSCapture/2020-06-03_133244.png)\r\n![](http://localhost:8000/G:\\FSCapture/2020-06-03_133244.png)", "author": 3, "created_time": "2020-06-03T14:33:49.565", "last_updated_time": "2020-06-03T14:33:49.565"}}, {"model": "blog.blog", "pk": 51, "fields": {"title": "\u7236\u7c7b\u548c\u5b50\u7c7b\u4e0d\u540c\u521d\u59cb\u5316\u65b9\u6cd5", "blog_type": 1, "content": "# \u7236\u7c7b\u548c\u5b50\u7c7b\u4e0d\u540c\u521d\u59cb\u5316\u65b9\u6cd5\r\n\r\n### \u4ee3\u7801\r\n\r\n```python\r\nclass CommentForm(forms.Form):\r\n    def __init__(self, *args, **kwargs):\r\n        if 'user' in kwargs:\r\n            self.user = kwargs.pop('user')\r\n        super(CommentForm, self).__init__(*args, **kwargs)\r\n```\r\n\r\n```python\r\nself.user = kwargs.pop('user')\r\n```\r\n\r\n* \u5c06kwargs\u91cc\u7684user\u4fe1\u606f\u5220\u9664\u5e76\u8d4b\u503c\u7ed9self.user\r\n\r\n```python\r\nsuper(CommentForm, self).__init__(*args, **kwargs)\r\n```\r\n\r\n* \u7528\u7236\u7c7bforms.Form\u7684\u521d\u59cb\u5316\u65b9\u6cd5\u8fdb\u884c\u521d\u59cb\u5316\u5176\u4ed6\u5c5e\u6027\r\n\r\n### \u539f\u56e0\r\n\r\n* \u5b50\u7c7b\u7ee7\u627f\u4e86\u7236\u7c7b\u7684\u6240\u6709\u5c5e\u6027\u548c\u65b9\u6cd5\uff0c\u7236\u7c7b\u5c5e\u6027\u81ea\u7136\u7528\u7236\u7c7b\u65b9\u6cd5\u6765\u8fdb\u884c\u521d\u59cb\u5316\u3002\u5982\u679c\u7236\u7c7b\u7684\u67d0\u4e9b\u5c5e\u6027\u521d\u59cb\u5316\u7684\u903b\u8f91\u5728\u5b50\u7c7b\u4e2d\u4e0e\u7236\u7c7b\u7684\u4e0d\u540c\uff0c\u4e0d\u4f7f\u7528\u7236\u7c7b\u7684\u65b9\u6cd5\uff0c\u81ea\u5df1\u91cd\u65b0\u521d\u59cb\u5316\u6216\u8005\u90e8\u5206\u4f7f\u7528\u4e5f\u53ef\u4ee5\u3002", "author": 3, "created_time": "2020-06-03T14:40:14.519", "last_updated_time": "2020-06-03T14:40:14.519"}}, {"model": "blog.blog", "pk": 52, "fields": {"title": "\u535a\u5ba2\u9605\u8bfb\u8ba1\u6570\u7edf\u8ba1\u65b9\u6cd5", "blog_type": 1, "content": "# \u535a\u5ba2\u9605\u8bfb\u8ba1\u6570\u7edf\u8ba1\u65b9\u6cd5\r\n## \u4e00\u3001\u7b80\u5355\u6dfb\u52a0\r\n* \u5728Blog\u5c5e\u6027\u4e2d\u6dfb\u52a0\u2018\u9605\u8bfb\u6570\u2019\r\n* \u6bcf\u6b21\u8c03\u7528views.blog_detail\u65f6\uff0c\u9605\u8bfb\u6b21\u6570\u52a0\u4e00\uff0c\u5e76\u4fdd\u5b58\r\n## \u4e8c\u3001\u8bbe\u7f6eCOOKIE\uff0c\u7b80\u5355\u8c03\u7528ReadNum\u7c7b\r\n* \u5f53\u4ececookie\u4e2d\u68c0\u6d4b\u5230\u5f53\u524d\u6587\u7ae0\u7684\u8bb0\u5f55\uff0c\u5c31\u4e0d\u589e\u52a0\u9605\u8bfb\u6b21\u6570\r\n* \u5982\u679c\u672a\u68c0\u6d4b\u5230\u9605\u8bfb\u8bb0\u5f55\r\n  * \u5f53\u524d\u6587\u7ae0\u6709\u9605\u8bfb\u8bb0\u5f55\u7684\u5c5e\u6027\uff0c\u5c06\u5f53\u524d\u535a\u5ba2\u9605\u8bfb\u6b21\u6570\u52a0\u4e00\r\n  * \u5f53\u524d\u6587\u7ae0\u6ca1\u6709\u9605\u8bfb\u8bb0\u5f55\u7684\u5c5e\u6027\uff0c\u5c31\u8c03\u7528ReadNum\u7c7b\u5c06\u5f53\u524d\u535a\u5ba2\u521d\u59cb\u5316\u52a0\u4e00\r\n## \u4e09\u3001\u521b\u5efa\u9605\u8bfb\u8ba1\u6570\u65b9\u6cd5APP\r\n* \u89e3\u51b3\u4e86\u4e24\u4e2a\u7f3a\u70b9\uff0c\u4e14\u8ba1\u6570APP\u53ef\u7528\u4e8e\u5176\u4ed6\u6a21\u578b\uff0c\u6bd4\u524d\u4e24\u4e2a\u65b9\u6cd5\u8f83\u590d\u6742\r\n## \u56db\u3001\u56fe\u8868\u663e\u793a\u9605\u8bfb\u91cf\u53d8\u5316\r\n* \u76f4\u89c2\u770b\u5230\u9605\u8bfb\u91cf\u7684\u53d8\u5316\u8d8b\u52bf\r\n\r\n![](http://127.0.0.1:8000/F:\\XMind\u6587\u6863/\u535a\u5ba2\u9605\u8bfb\u8ba1\u6570\u65b9\u6cd5.png)", "author": 3, "created_time": "2020-06-03T14:43:48.310", "last_updated_time": "2020-06-03T14:43:48.310"}}, {"model": "blog.blog", "pk": 53, "fields": {"title": "\u70ed\u95e8\u535a\u5ba2\u6392\u884c\u7684\u95ee\u9898", "blog_type": 1, "content": "# \u70ed\u95e8\u535a\u5ba2\u6392\u884c\u7684\u95ee\u9898\r\n\r\n## \u4ee3\u7801\u5982\u4e0b\uff0c\u6559\u7a0bB\u7ad9\u641c\u7d22\u518d\u6572\u4e00\u884c\u4ee3\u7801\r\n\r\n```python\r\ndef get_a_week_hot_blog():\r\n    today = timezone.now().date()\r\n    a_week = today - datetime.timedelta(days=6)\r\n    read_details = Blog.objects.filter(read_detail__date__lte=today, read_detail__date__gte=a_week)\\\r\n\t\t\t\t                     .values('id', 'title')\\\r\n\t\t\t\t                     .annotate(read_num_sum=Sum('read_detail__read_num'))\\\r\n\t\t\t\t                     .order_by('-read_num_sum')\r\n    return read_details[:7]\r\n\r\n\r\nclass Blog(models.Model, ReadNumExpandMethod):\r\n    read_detail = GenericRelation(ReadDetail)\r\n\r\n\r\nclass ReadDetail(models.Model):\r\n    date = models.DateField(default=timezone.now)\r\n    read_num = models.IntegerField(default=0)\r\n    content_type = models.ForeignKey(ContentType, on_delete=models.DO_NOTHING)\r\n    object_id = models.PositiveIntegerField()\r\n    content_object = GenericForeignKey('content_type', 'object_id')\r\n```\r\n\r\n* GenericRelation\u4f7fBlog\u5173\u8054ReadDtailNum\u4e2d\u7684\u5185\u5bb9\uff0c\u8ba9Blog\u53ef\u4ee5\u76f4\u63a5\u8c03\u7528eadDetailNum\u4e2d\u7684date\u5c5e\u6027\r\n  * Blog\u4f7f\u7528read_detail\u5c5e\u6027\r\n  * read_detail\u5173\u8054\u5230ReadDetail\uff0c\u53ef\u4ee5\u4f7f\u7528ReadDetail\u7684\u5c5e\u6027date\r\n  * \u518d\u52a0\u4e0a\u5c0f\u4e8e\u7b49\u4e8e\u7684\u9650\u5236\u6761\u4ef6lte\uff0c\u5927\u4e8e\u7b49\u4e8e\u7684\u9650\u5236\u6761\u4ef6gte\r\n  * filter\u51fd\u6570\u7b5b\u9009\u51fa\u524d\u516d\u5929\u4ee5\u53ca\u4eca\u5929\u7684ReadDetail\u8bb0\u5f55\u8868\r\n \r\n* values('id', 'title')\uff0c\u7528id\u548c\u6807\u9898\u8fdb\u884c\u5206\u7ec4\r\n\r\n* annotate(read_num_sum=Sum('read_detail__read_num'))\uff0c\u5c06\u540c\u4e00\u7ec4\u8bb0\u5f55\u4e0b\u7684read_num\u9879\u76f8\u52a0\uff0c\u5f97\u5230\u4e03\u5929\u7684\u9605\u8bfb\u603b\u6570\r\n\r\n* order_by('-read_num_sum')\uff0c\u6309\u7167\u4ece\u5927\u5230\u5c0f\u6392\u5e8f\r\n\r\n* return read_details[:7]\u8fd4\u56de\u4e86\u4e03\u5929\u9605\u8bfb\u603b\u6570\u524d\u4e03\u540d\u7684\u535a\u5ba2", "author": 3, "created_time": "2020-06-03T14:44:45.286", "last_updated_time": "2020-06-03T14:44:45.286"}}, {"model": "comment.comment", "pk": 26, "fields": {"content_type": 8, "object_id": 39, "text": "<p>\u800c\u6211\u5374\u4e8c</p>", "comment_time": "2020-06-02T21:36:06.280", "user": 3, "root": null, "parent": null, "reply_to": null}}, {"model": "comment.comment", "pk": 27, "fields": {"content_type": 8, "object_id": 39, "text": "<p>\u597d</p>", "comment_time": "2020-06-03T08:14:12.485", "user": 4, "root": null, "parent": null, "reply_to": null}}, {"model": "comment.comment", "pk": 28, "fields": {"content_type": 8, "object_id": 37, "text": "<p>\u56de\u590d\u90ae\u4ef6</p>", "comment_time": "2020-06-03T08:57:06.596", "user": 4, "root": null, "parent": null, "reply_to": null}}, {"model": "comment.comment", "pk": 29, "fields": {"content_type": 8, "object_id": 37, "text": "<p>\u5927\u5e45\u5ea6</p>", "comment_time": "2020-06-03T09:01:13.546", "user": 4, "root": null, "parent": null, "reply_to": null}}, {"model": "comment.comment", "pk": 30, "fields": {"content_type": 8, "object_id": 37, "text": "<p>\u5e02\u573a\u6492</p>", "comment_time": "2020-06-03T09:04:14.081", "user": 4, "root": null, "parent": null, "reply_to": null}}, {"model": "comment.comment", "pk": 31, "fields": {"content_type": 8, "object_id": 37, "text": "<p>\u7231\u7684\u53c2\u6570</p>", "comment_time": "2020-06-03T09:08:21.921", "user": 4, "root": null, "parent": null, "reply_to": null}}, {"model": "comment.comment", "pk": 32, "fields": {"content_type": 8, "object_id": 37, "text": "<p>add\u65b9\u6cd5</p>", "comment_time": "2020-06-03T09:13:28.738", "user": 4, "root": null, "parent": null, "reply_to": null}}, {"model": "comment.comment", "pk": 33, "fields": {"content_type": 8, "object_id": 37, "text": "<p>\u5927\u8428\u8fbe</p>", "comment_time": "2020-06-03T09:14:18.793", "user": 4, "root": null, "parent": null, "reply_to": null}}, {"model": "comment.comment", "pk": 34, "fields": {"content_type": 8, "object_id": 37, "text": "<p>\u5b9e\u6253\u5b9e</p>", "comment_time": "2020-06-03T09:15:49.192", "user": 4, "root": null, "parent": null, "reply_to": null}}, {"model": "comment.comment", "pk": 35, "fields": {"content_type": 8, "object_id": 37, "text": "<p>\u641c\u7d22</p>", "comment_time": "2020-06-03T09:19:20.393", "user": 4, "root": null, "parent": null, "reply_to": null}}, {"model": "comment.comment", "pk": 36, "fields": {"content_type": 8, "object_id": 37, "text": "<p>\u5927\u57ce\u5e02</p>", "comment_time": "2020-06-03T09:22:12.673", "user": 4, "root": null, "parent": null, "reply_to": null}}, {"model": "comment.comment", "pk": 37, "fields": {"content_type": 8, "object_id": 37, "text": "<p>\u554a\u554a</p>", "comment_time": "2020-06-03T09:26:48.726", "user": 4, "root": null, "parent": null, "reply_to": null}}, {"model": "comment.comment", "pk": 38, "fields": {"content_type": 8, "object_id": 37, "text": "<p>SaaS</p>", "comment_time": "2020-06-03T09:28:07.555", "user": 4, "root": null, "parent": null, "reply_to": null}}, {"model": "comment.comment", "pk": 39, "fields": {"content_type": 8, "object_id": 39, "text": "<p>\u6253\u7b97</p>", "comment_time": "2020-06-03T09:29:52.909", "user": 4, "root": 26, "parent": 26, "reply_to": 3}}, {"model": "comment.comment", "pk": 40, "fields": {"content_type": 8, "object_id": 39, "text": "<p>\u5927\u8428\u8fbe\u5b9e\u6253\u5b9e</p>", "comment_time": "2020-06-03T09:32:16.665", "user": 4, "root": null, "parent": null, "reply_to": null}}, {"model": "comment.comment", "pk": 41, "fields": {"content_type": 8, "object_id": 39, "text": "<p>\u591a\u5403\u70b9</p>", "comment_time": "2020-06-03T09:35:28.576", "user": 4, "root": null, "parent": null, "reply_to": null}}, {"model": "comment.comment", "pk": 42, "fields": {"content_type": 8, "object_id": 47, "text": "<blockquote>\r\n<p>&lt;div class=&quot;blog-content&quot;&gt;{{ blog.content|safe }}&lt;/div&gt;</p>\r\n</blockquote>", "comment_time": "2020-06-03T14:15:03.501", "user": 3, "root": null, "parent": null, "reply_to": null}}, {"model": "likes.likerecord", "pk": 11, "fields": {"content_type": 8, "object_id": 37, "user": 3, "liked_time": "2020-06-02T08:52:12.528"}}, {"model": "likes.likerecord", "pk": 12, "fields": {"content_type": 12, "object_id": 26, "user": 3, "liked_time": "2020-06-02T21:36:09.043"}}, {"model": "likes.likerecord", "pk": 13, "fields": {"content_type": 8, "object_id": 39, "user": 4, "liked_time": "2020-06-03T08:14:05.757"}}, {"model": "likes.likerecord", "pk": 14, "fields": {"content_type": 8, "object_id": 40, "user": 3, "liked_time": "2020-06-03T09:52:06.561"}}, {"model": "user.profile", "pk": 1, "fields": {"user": 4, "nickname": "\u5929\u5929123"}}, {"model": "user.profile", "pk": 2, "fields": {"user": 3, "nickname": "\u5929\u5065\u5bfa"}}, {"model": "admin.logentry", "pk": 28, "fields": {"action_time": "2020-06-02T08:49:06.037", "user": 3, "content_type": 4, "object_id": "1", "object_repr": "ysh", "action_flag": 3, "change_message": ""}}, {"model": "admin.logentry", "pk": 29, "fields": {"action_time": "2020-06-02T08:49:06.805", "user": 3, "content_type": 4, "object_id": "2", "object_repr": "ysh1", "action_flag": 3, "change_message": ""}}, {"model": "admin.logentry", "pk": 30, "fields": {"action_time": "2020-06-02T08:51:09.371", "user": 3, "content_type": 8, "object_id": "37", "object_repr": "<Blog: \u535a\u5ba2\u9605\u8bfb\u8ba1\u6570\u7edf\u8ba1\u65b9\u6cd5>", "action_flag": 1, "change_message": "[{\"added\": {}}]"}}, {"model": "admin.logentry", "pk": 31, "fields": {"action_time": "2020-06-02T08:52:48.025", "user": 3, "content_type": 8, "object_id": "38", "object_repr": "<Blog: \u535a\u5ba2\u7f51\u7ad9\u4e4b\u2014\u2014Django Form\u8868\u5355>", "action_flag": 1, "change_message": "[{\"added\": {}}]"}}, {"model": "admin.logentry", "pk": 32, "fields": {"action_time": "2020-06-02T08:53:47.640", "user": 3, "content_type": 8, "object_id": "39", "object_repr": "<Blog: \u7236\u7c7b\u548c\u5b50\u7c7b\u4e0d\u540c\u521d\u59cb\u5316\u65b9\u6cd5>", "action_flag": 1, "change_message": "[{\"added\": {}}]"}}, {"model": "admin.logentry", "pk": 33, "fields": {"action_time": "2020-06-02T21:40:39.055", "user": 3, "content_type": 7, "object_id": "3", "object_repr": "\u611f\u609f", "action_flag": 3, "change_message": ""}}, {"model": "admin.logentry", "pk": 34, "fields": {"action_time": "2020-06-02T21:40:51.077", "user": 3, "content_type": 7, "object_id": "4", "object_repr": "\u5b66\u4e60\u7b14\u8bb0", "action_flag": 1, "change_message": "[{\"added\": {}}]"}}, {"model": "admin.logentry", "pk": 35, "fields": {"action_time": "2020-06-02T21:41:08.134", "user": 3, "content_type": 7, "object_id": "5", "object_repr": "BUG\u8bb0\u5f55", "action_flag": 1, "change_message": "[{\"added\": {}}]"}}, {"model": "admin.logentry", "pk": 36, "fields": {"action_time": "2020-06-03T09:51:35.119", "user": 3, "content_type": 8, "object_id": "40", "object_repr": "<Blog: ContentType matching query does not exist>", "action_flag": 1, "change_message": "[{\"added\": {}}]"}}, {"model": "admin.logentry", "pk": 37, "fields": {"action_time": "2020-06-03T10:41:28.780", "user": 3, "content_type": 8, "object_id": "41", "object_repr": "<Blog: \u5185\u5bb9\u7c7b\u578bContentType>", "action_flag": 1, "change_message": "[{\"added\": {}}]"}}, {"model": "admin.logentry", "pk": 38, "fields": {"action_time": "2020-06-03T10:42:20.002", "user": 3, "content_type": 8, "object_id": "41", "object_repr": "<Blog: \u5185\u5bb9\u7c7b\u578bContentType>", "action_flag": 3, "change_message": ""}}, {"model": "admin.logentry", "pk": 39, "fields": {"action_time": "2020-06-03T10:45:32.917", "user": 3, "content_type": 8, "object_id": "42", "object_repr": "<Blog: \u5185\u5bb9\u7c7b\u578bContentType>", "action_flag": 1, "change_message": "[{\"added\": {}}]"}}, {"model": "admin.logentry", "pk": 40, "fields": {"action_time": "2020-06-03T11:07:52.847", "user": 3, "content_type": 8, "object_id": "43", "object_repr": "<Blog: two>", "action_flag": 1, "change_message": "[{\"added\": {}}]"}}, {"model": "admin.logentry", "pk": 41, "fields": {"action_time": "2020-06-03T11:10:03.299", "user": 3, "content_type": 8, "object_id": "43", "object_repr": "<Blog: two>", "action_flag": 3, "change_message": ""}}, {"model": "admin.logentry", "pk": 42, "fields": {"action_time": "2020-06-03T11:10:03.948", "user": 3, "content_type": 8, "object_id": "42", "object_repr": "<Blog: \u5185\u5bb9\u7c7b\u578bContentType>", "action_flag": 3, "change_message": ""}}, {"model": "admin.logentry", "pk": 43, "fields": {"action_time": "2020-06-03T12:10:20.353", "user": 3, "content_type": 8, "object_id": "44", "object_repr": "<Blog: \u535a\u5ba2\u7f51\u7ad9\u4e4b\u2014\u2014Django Form\u8868\u5355>", "action_flag": 1, "change_message": "[{\"added\": {}}]"}}, {"model": "admin.logentry", "pk": 44, "fields": {"action_time": "2020-06-03T13:43:07.387", "user": 3, "content_type": 8, "object_id": "45", "object_repr": "<Blog: \u5728django\u4e2d\u914d\u7f6eMarkdown>", "action_flag": 1, "change_message": "[{\"added\": {}}]"}}, {"model": "admin.logentry", "pk": 45, "fields": {"action_time": "2020-06-03T13:47:00.439", "user": 3, "content_type": 8, "object_id": "45", "object_repr": "<Blog: \u5728django\u4e2d\u914d\u7f6eMarkdown>", "action_flag": 3, "change_message": ""}}, {"model": "admin.logentry", "pk": 46, "fields": {"action_time": "2020-06-03T13:51:08.200", "user": 3, "content_type": 8, "object_id": "46", "object_repr": "<Blog: \u5728django\u4e2d\u914d\u7f6eMarkdown>", "action_flag": 1, "change_message": "[{\"added\": {}}]"}}, {"model": "admin.logentry", "pk": 47, "fields": {"action_time": "2020-06-03T13:54:54.894", "user": 3, "content_type": 8, "object_id": "46", "object_repr": "<Blog: \u5728django\u4e2d\u914d\u7f6eMarkdown>", "action_flag": 3, "change_message": ""}}, {"model": "admin.logentry", "pk": 48, "fields": {"action_time": "2020-06-03T14:09:52.512", "user": 3, "content_type": 8, "object_id": "47", "object_repr": "<Blog: \u5728django\u4e2d\u914d\u7f6eMarkdown>", "action_flag": 1, "change_message": "[{\"added\": {}}]"}}, {"model": "admin.logentry", "pk": 49, "fields": {"action_time": "2020-06-03T14:22:32.264", "user": 3, "content_type": 8, "object_id": "48", "object_repr": "<Blog: two>", "action_flag": 1, "change_message": "[{\"added\": {}}]"}}, {"model": "admin.logentry", "pk": 50, "fields": {"action_time": "2020-06-03T14:23:00.404", "user": 3, "content_type": 8, "object_id": "48", "object_repr": "<Blog: two>", "action_flag": 3, "change_message": ""}}, {"model": "admin.logentry", "pk": 51, "fields": {"action_time": "2020-06-03T14:31:21.197", "user": 3, "content_type": 8, "object_id": "49", "object_repr": "<Blog: \u56fe\u7247\u4e0a\u4f20\u6d4b\u8bd51>", "action_flag": 1, "change_message": "[{\"added\": {}}]"}}, {"model": "admin.logentry", "pk": 52, "fields": {"action_time": "2020-06-03T14:33:49.863", "user": 3, "content_type": 8, "object_id": "50", "object_repr": "<Blog: \u56fe\u7247\u4e0a\u4f20\u6d4b\u8bd52>", "action_flag": 1, "change_message": "[{\"added\": {}}]"}}, {"model": "admin.logentry", "pk": 53, "fields": {"action_time": "2020-06-03T14:39:30.353", "user": 3, "content_type": 8, "object_id": "39", "object_repr": "<Blog: \u7236\u7c7b\u548c\u5b50\u7c7b\u4e0d\u540c\u521d\u59cb\u5316\u65b9\u6cd5>", "action_flag": 3, "change_message": ""}}, {"model": "admin.logentry", "pk": 54, "fields": {"action_time": "2020-06-03T14:40:14.821", "user": 3, "content_type": 8, "object_id": "51", "object_repr": "<Blog: \u7236\u7c7b\u548c\u5b50\u7c7b\u4e0d\u540c\u521d\u59cb\u5316\u65b9\u6cd5>", "action_flag": 1, "change_message": "[{\"added\": {}}]"}}, {"model": "admin.logentry", "pk": 55, "fields": {"action_time": "2020-06-03T14:42:11.423", "user": 3, "content_type": 8, "object_id": "38", "object_repr": "<Blog: \u535a\u5ba2\u7f51\u7ad9\u4e4b\u2014\u2014Django Form\u8868\u5355>", "action_flag": 3, "change_message": ""}}, {"model": "admin.logentry", "pk": 56, "fields": {"action_time": "2020-06-03T14:42:11.787", "user": 3, "content_type": 8, "object_id": "37", "object_repr": "<Blog: \u535a\u5ba2\u9605\u8bfb\u8ba1\u6570\u7edf\u8ba1\u65b9\u6cd5>", "action_flag": 3, "change_message": ""}}, {"model": "admin.logentry", "pk": 57, "fields": {"action_time": "2020-06-03T14:43:48.606", "user": 3, "content_type": 8, "object_id": "52", "object_repr": "<Blog: \u535a\u5ba2\u9605\u8bfb\u8ba1\u6570\u7edf\u8ba1\u65b9\u6cd5>", "action_flag": 1, "change_message": "[{\"added\": {}}]"}}, {"model": "admin.logentry", "pk": 58, "fields": {"action_time": "2020-06-03T14:44:45.287", "user": 3, "content_type": 8, "object_id": "53", "object_repr": "<Blog: \u70ed\u95e8\u535a\u5ba2\u6392\u884c\u7684\u95ee\u9898>", "action_flag": 1, "change_message": "[{\"added\": {}}]"}}]